TSDate,Month,Year,serieNames,sales
21-01-1900,6,2013,serie_1,1248
21-01-1900,6,2013,serie_2,695
22-01-1900,6,2013,serie_2,5
22-01-1900,6,2013,serie_1,0
23-01-1900,6,2013,serie_1,0
23-01-1900,6,2013,serie_2,5
24-01-1900,6,2013,serie_1,3393
24-01-1900,6,2013,serie_2,1775
25-01-1900,6,2013,serie_2,888
25-01-1900,6,2013,serie_1,1767
26-01-1900,6,2013,serie_1,1663
26-01-1900,6,2013,serie_2,879
27-01-1900,6,2013,serie_2,880
27-01-1900,6,2013,serie_1,1611
28-01-1900,6,2013,serie_1,1113
28-01-1900,6,2013,serie_2,602
29-01-1900,6,2013,serie_2,5
29-01-1900,6,2013,serie_1,0
30-01-1900,6,2013,serie_2,5
30-01-1900,6,2013,serie_1,0
01-01-1900,7,2013,serie_1,3220
01-01-1900,7,2013,serie_2,1630
02-01-1900,7,2013,serie_1,1947
02-01-1900,7,2013,serie_2,1051
03-01-1900,7,2013,serie_2,902
03-01-1900,7,2013,serie_1,1769
04-01-1900,7,2013,serie_1,1721
04-01-1900,7,2013,serie_2,872
05-01-1900,7,2013,serie_1,1107
05-01-1900,7,2013,serie_2,602
06-01-1900,7,2013,serie_1,0
06-01-1900,7,2013,serie_2,5
07-01-1900,7,2013,serie_1,0
07-01-1900,7,2013,serie_2,5
08-01-1900,7,2013,serie_2,1410
08-01-1900,7,2013,serie_1,2821
09-01-1900,7,2013,serie_1,1621
09-01-1900,7,2013,serie_2,827
10-01-1900,7,2013,serie_2,859
10-01-1900,7,2013,serie_1,1673
11-01-1900,7,2013,serie_1,1640
11-01-1900,7,2013,serie_2,820
12-01-1900,7,2013,serie_2,588
12-01-1900,7,2013,serie_1,1102
13-01-1900,7,2013,serie_2,5
13-01-1900,7,2013,serie_1,0
14-01-1900,7,2013,serie_1,0
14-01-1900,7,2013,serie_2,5
15-01-1900,7,2013,serie_2,1467
15-01-1900,7,2013,serie_1,2891
16-01-1900,7,2013,serie_2,776
16-01-1900,7,2013,serie_1,1610
17-01-1900,7,2013,serie_1,1537
17-01-1900,7,2013,serie_2,780
18-01-1900,7,2013,serie_1,1487
18-01-1900,7,2013,serie_2,695
19-01-1900,7,2013,serie_2,508
19-01-1900,7,2013,serie_1,1001
20-01-1900,7,2013,serie_1,0
20-01-1900,7,2013,serie_2,5
21-01-1900,7,2013,serie_1,0
21-01-1900,7,2013,serie_2,5
22-01-1900,7,2013,serie_1,2673
22-01-1900,7,2013,serie_2,1265
23-01-1900,7,2013,serie_2,712
23-01-1900,7,2013,serie_1,1504
24-01-1900,7,2013,serie_1,1600
24-01-1900,7,2013,serie_2,730
25-01-1900,7,2013,serie_1,1800
25-01-1900,7,2013,serie_2,736
26-01-1900,7,2013,serie_2,554
26-01-1900,7,2013,serie_1,1230
27-01-1900,7,2013,serie_1,0
27-01-1900,7,2013,serie_2,5
28-01-1900,7,2013,serie_1,0
28-01-1900,7,2013,serie_2,5
29-01-1900,7,2013,serie_2,1534
29-01-1900,7,2013,serie_1,3510
30-01-1900,7,2013,serie_1,2057
30-01-1900,7,2013,serie_2,860
31-01-1900,7,2013,serie_2,816
31-01-1900,7,2013,serie_1,1842
01-01-1900,8,2013,serie_2,715
01-01-1900,8,2013,serie_1,1564
02-01-1900,8,2013,serie_2,487
02-01-1900,8,2013,serie_1,1057
03-01-1900,8,2013,serie_2,5
03-01-1900,8,2013,serie_1,0
04-01-1900,8,2013,serie_1,0
04-01-1900,8,2013,serie_2,5
05-01-1900,8,2013,serie_1,2978
05-01-1900,8,2013,serie_2,1336
06-01-1900,8,2013,serie_2,790
06-01-1900,8,2013,serie_1,1681
07-01-1900,8,2013,serie_2,873
07-01-1900,8,2013,serie_1,1823
08-01-1900,8,2013,serie_1,1856
08-01-1900,8,2013,serie_2,810
09-01-1900,8,2013,serie_1,1209
09-01-1900,8,2013,serie_2,572
10-01-1900,8,2013,serie_1,0
10-01-1900,8,2013,serie_2,5
11-01-1900,8,2013,serie_1,0
11-01-1900,8,2013,serie_2,5
12-01-1900,8,2013,serie_1,3613
12-01-1900,8,2013,serie_2,1532
13-01-1900,8,2013,serie_1,1811
13-01-1900,8,2013,serie_2,873
14-01-1900,8,2013,serie_1,1544
14-01-1900,8,2013,serie_2,704
15-01-1900,8,2013,serie_2,620
15-01-1900,8,2013,serie_1,1420
16-01-1900,8,2013,serie_2,573
16-01-1900,8,2013,serie_1,1310
17-01-1900,8,2013,serie_2,5
17-01-1900,8,2013,serie_1,0
18-01-1900,8,2013,serie_2,5
18-01-1900,8,2013,serie_1,0
19-01-1900,8,2013,serie_1,3387
19-01-1900,8,2013,serie_2,1546
20-01-1900,8,2013,serie_1,1877
20-01-1900,8,2013,serie_2,854
21-01-1900,8,2013,serie_1,1794
21-01-1900,8,2013,serie_2,753
22-01-1900,8,2013,serie_1,1824
22-01-1900,8,2013,serie_2,814
23-01-1900,8,2013,serie_1,1390
23-01-1900,8,2013,serie_2,654
24-01-1900,8,2013,serie_2,5
24-01-1900,8,2013,serie_1,0
25-01-1900,8,2013,serie_1,0
25-01-1900,8,2013,serie_2,5
26-01-1900,8,2013,serie_2,1669
26-01-1900,8,2013,serie_1,3759
27-01-1900,8,2013,serie_1,1931
27-01-1900,8,2013,serie_2,855
28-01-1900,8,2013,serie_1,1945
28-01-1900,8,2013,serie_2,891
29-01-1900,8,2013,serie_1,1915
29-01-1900,8,2013,serie_2,874
30-01-1900,8,2013,serie_1,1379
30-01-1900,8,2013,serie_2,608
31-01-1900,8,2013,serie_1,0
31-01-1900,8,2013,serie_2,5
01-01-1900,9,2013,serie_2,5
01-01-1900,9,2013,serie_1,0
02-01-1900,9,2013,serie_2,1612
02-01-1900,9,2013,serie_1,3737
03-01-1900,9,2013,serie_2,856
03-01-1900,9,2013,serie_1,1932
04-01-1900,9,2013,serie_2,844
04-01-1900,9,2013,serie_1,1774
05-01-1900,9,2013,serie_2,787
05-01-1900,9,2013,serie_1,1689
06-01-1900,9,2013,serie_1,1232
06-01-1900,9,2013,serie_2,666
07-01-1900,9,2013,serie_2,5
07-01-1900,9,2013,serie_1,0
08-01-1900,9,2013,serie_1,0
08-01-1900,9,2013,serie_2,5
09-01-1900,9,2013,serie_1,3524
09-01-1900,9,2013,serie_2,1572
10-01-1900,9,2013,serie_2,822
10-01-1900,9,2013,serie_1,1913
11-01-1900,9,2013,serie_2,781
11-01-1900,9,2013,serie_1,1811
12-01-1900,9,2013,serie_2,772
12-01-1900,9,2013,serie_1,1843
13-01-1900,9,2013,serie_1,1186
13-01-1900,9,2013,serie_2,548
14-01-1900,9,2013,serie_2,5
14-01-1900,9,2013,serie_1,0
15-01-1900,9,2013,serie_2,5
15-01-1900,9,2013,serie_1,0
16-01-1900,9,2013,serie_2,1794
16-01-1900,9,2013,serie_1,3489
17-01-1900,9,2013,serie_1,1925
17-01-1900,9,2013,serie_2,757
18-01-1900,9,2013,serie_1,1747
18-01-1900,9,2013,serie_2,743
19-01-1900,9,2013,serie_2,707
19-01-1900,9,2013,serie_1,1722
20-01-1900,9,2013,serie_2,552
20-01-1900,9,2013,serie_1,1337
21-01-1900,9,2013,serie_2,5
21-01-1900,9,2013,serie_1,0
22-01-1900,9,2013,serie_2,5
22-01-1900,9,2013,serie_1,0
23-01-1900,9,2013,serie_2,1512
23-01-1900,9,2013,serie_1,3695
24-01-1900,9,2013,serie_2,914
24-01-1900,9,2013,serie_1,2100
25-01-1900,9,2013,serie_2,1109
25-01-1900,9,2013,serie_1,2222
26-01-1900,9,2013,serie_2,931
26-01-1900,9,2013,serie_1,2101
27-01-1900,9,2013,serie_1,1600
27-01-1900,9,2013,serie_2,693
28-01-1900,9,2013,serie_2,5
28-01-1900,9,2013,serie_1,0
29-01-1900,9,2013,serie_1,0
29-01-1900,9,2013,serie_2,5
30-01-1900,9,2013,serie_1,3993
30-01-1900,9,2013,serie_2,1565
01-01-1900,10,2013,serie_1,1984
01-01-1900,10,2013,serie_2,822
02-01-1900,10,2013,serie_1,1971
02-01-1900,10,2013,serie_2,771
03-01-1900,10,2013,serie_1,1931
03-01-1900,10,2013,serie_2,769
04-01-1900,10,2013,serie_2,571
04-01-1900,10,2013,serie_1,1411
05-01-1900,10,2013,serie_1,0
05-01-1900,10,2013,serie_2,5
06-01-1900,10,2013,serie_2,5
06-01-1900,10,2013,serie_1,0
07-01-1900,10,2013,serie_2,1341
07-01-1900,10,2013,serie_1,3558
08-01-1900,10,2013,serie_2,723
08-01-1900,10,2013,serie_1,1824
09-01-1900,10,2013,serie_1,1834
09-01-1900,10,2013,serie_2,735
10-01-1900,10,2013,serie_1,1926
10-01-1900,10,2013,serie_2,760
11-01-1900,10,2013,serie_1,1286
11-01-1900,10,2013,serie_2,532
12-01-1900,10,2013,serie_2,5
12-01-1900,10,2013,serie_1,0
13-01-1900,10,2013,serie_2,5
13-01-1900,10,2013,serie_1,0
14-01-1900,10,2013,serie_2,1330
14-01-1900,10,2013,serie_1,3593
15-01-1900,10,2013,serie_1,1925
15-01-1900,10,2013,serie_2,730
16-01-1900,10,2013,serie_1,1819
16-01-1900,10,2013,serie_2,726
17-01-1900,10,2013,serie_1,1812
17-01-1900,10,2013,serie_2,702
18-01-1900,10,2013,serie_1,1324
18-01-1900,10,2013,serie_2,516
19-01-1900,10,2013,serie_1,0
19-01-1900,10,2013,serie_2,5
20-01-1900,10,2013,serie_1,0
20-01-1900,10,2013,serie_2,5
21-01-1900,10,2013,serie_2,1259
21-01-1900,10,2013,serie_1,3368
22-01-1900,10,2013,serie_2,691
22-01-1900,10,2013,serie_1,1766
23-01-1900,10,2013,serie_1,1891
23-01-1900,10,2013,serie_2,713
24-01-1900,10,2013,serie_2,727
24-01-1900,10,2013,serie_1,1995
25-01-1900,10,2013,serie_1,1509
25-01-1900,10,2013,serie_2,609
26-01-1900,10,2013,serie_1,0
26-01-1900,10,2013,serie_2,5
27-01-1900,10,2013,serie_2,5
27-01-1900,10,2013,serie_1,0
28-01-1900,10,2013,serie_2,1490
28-01-1900,10,2013,serie_1,3966
29-01-1900,10,2013,serie_1,2213
29-01-1900,10,2013,serie_2,807
30-01-1900,10,2013,serie_1,2187
30-01-1900,10,2013,serie_2,866
31-01-1900,10,2013,serie_2,695
31-01-1900,10,2013,serie_1,1670
01-01-1900,11,2013,serie_1,1274
01-01-1900,11,2013,serie_2,561
02-01-1900,11,2013,serie_1,0
02-01-1900,11,2013,serie_2,5
03-01-1900,11,2013,serie_2,5
03-01-1900,11,2013,serie_1,0
04-01-1900,11,2013,serie_1,4143
04-01-1900,11,2013,serie_2,1786
05-01-1900,11,2013,serie_2,847
05-01-1900,11,2013,serie_1,2228
06-01-1900,11,2013,serie_1,2133
06-01-1900,11,2013,serie_2,858
07-01-1900,11,2013,serie_1,2086
07-01-1900,11,2013,serie_2,808
08-01-1900,11,2013,serie_1,1390
08-01-1900,11,2013,serie_2,550
09-01-1900,11,2013,serie_1,0
09-01-1900,11,2013,serie_2,5
10-01-1900,11,2013,serie_2,5
10-01-1900,11,2013,serie_1,0
11-01-1900,11,2013,serie_1,3222
11-01-1900,11,2013,serie_2,1228
12-01-1900,11,2013,serie_2,820
12-01-1900,11,2013,serie_1,2160
13-01-1900,11,2013,serie_2,784
13-01-1900,11,2013,serie_1,2054
14-01-1900,11,2013,serie_2,817
14-01-1900,11,2013,serie_1,2116
15-01-1900,11,2013,serie_2,546
15-01-1900,11,2013,serie_1,1366
16-01-1900,11,2013,serie_2,5
16-01-1900,11,2013,serie_1,0
17-01-1900,11,2013,serie_2,5
17-01-1900,11,2013,serie_1,0
18-01-1900,11,2013,serie_1,3744
18-01-1900,11,2013,serie_2,1537
19-01-1900,11,2013,serie_2,832
19-01-1900,11,2013,serie_1,2150
20-01-1900,11,2013,serie_1,2042
20-01-1900,11,2013,serie_2,853
21-01-1900,11,2013,serie_1,2052
21-01-1900,11,2013,serie_2,822
22-01-1900,11,2013,serie_1,1602
22-01-1900,11,2013,serie_2,648
23-01-1900,11,2013,serie_1,0
23-01-1900,11,2013,serie_2,5
24-01-1900,11,2013,serie_2,884
24-01-1900,11,2013,serie_1,2300
25-01-1900,11,2013,serie_2,951
25-01-1900,11,2013,serie_1,2406
26-01-1900,11,2013,serie_2,908
26-01-1900,11,2013,serie_1,2202
27-01-1900,11,2013,serie_1,2364
27-01-1900,11,2013,serie_2,958
28-01-1900,11,2013,serie_1,2474
28-01-1900,11,2013,serie_2,1094
29-01-1900,11,2013,serie_1,1839
29-01-1900,11,2013,serie_2,799
30-01-1900,11,2013,serie_1,0
30-01-1900,11,2013,serie_2,5
01-01-1900,12,2013,serie_1,2583
01-01-1900,12,2013,serie_2,1063
02-01-1900,12,2013,serie_2,1158
02-01-1900,12,2013,serie_1,2903
03-01-1900,12,2013,serie_2,1038
03-01-1900,12,2013,serie_1,2507
04-01-1900,12,2013,serie_2,1017
04-01-1900,12,2013,serie_1,2360
05-01-1900,12,2013,serie_1,2277
05-01-1900,12,2013,serie_2,925
06-01-1900,12,2013,serie_1,1733
06-01-1900,12,2013,serie_2,826
07-01-1900,12,2013,serie_2,5
07-01-1900,12,2013,serie_1,0
08-01-1900,12,2013,serie_1,2758
08-01-1900,12,2013,serie_2,1105
09-01-1900,12,2013,serie_1,2794
09-01-1900,12,2013,serie_2,1127
10-01-1900,12,2013,serie_1,2399
10-01-1900,12,2013,serie_2,986
11-01-1900,12,2013,serie_2,1110
11-01-1900,12,2013,serie_1,2406
12-01-1900,12,2013,serie_1,2460
12-01-1900,12,2013,serie_2,1033
13-01-1900,12,2013,serie_2,781
13-01-1900,12,2013,serie_1,1865
14-01-1900,12,2013,serie_1,0
14-01-1900,12,2013,serie_2,5
15-01-1900,12,2013,serie_2,1289
15-01-1900,12,2013,serie_1,3028
16-01-1900,12,2013,serie_1,3273
16-01-1900,12,2013,serie_2,1382
17-01-1900,12,2013,serie_2,1476
17-01-1900,12,2013,serie_1,3468
18-01-1900,12,2013,serie_1,3181
18-01-1900,12,2013,serie_2,1416
19-01-1900,12,2013,serie_2,1457
19-01-1900,12,2013,serie_1,3360
20-01-1900,12,2013,serie_2,1199
20-01-1900,12,2013,serie_1,2654
21-01-1900,12,2013,serie_2,5
21-01-1900,12,2013,serie_1,0
22-01-1900,12,2013,serie_2,1767
22-01-1900,12,2013,serie_1,4614
23-01-1900,12,2013,serie_1,4653
23-01-1900,12,2013,serie_2,2106
24-01-1900,12,2013,serie_1,1006
24-01-1900,12,2013,serie_2,360
25-01-1900,12,2013,serie_1,1
25-01-1900,12,2013,serie_2,5
26-01-1900,12,2013,serie_1,1647
26-01-1900,12,2013,serie_2,892
27-01-1900,12,2013,serie_2,1327
27-01-1900,12,2013,serie_1,3850
28-01-1900,12,2013,serie_2,5
28-01-1900,12,2013,serie_1,0
29-01-1900,12,2013,serie_1,3554
29-01-1900,12,2013,serie_2,1226
30-01-1900,12,2013,serie_1,3389
30-01-1900,12,2013,serie_2,1232
31-01-1900,12,2013,serie_1,1025
31-01-1900,12,2013,serie_2,356
01-01-1900,1,2014,serie_1,0
01-01-1900,1,2014,serie_2,5
02-01-1900,1,2014,serie_1,4119
02-01-1900,1,2014,serie_2,1526
03-01-1900,1,2014,serie_1,2354
03-01-1900,1,2014,serie_2,830
04-01-1900,1,2014,serie_1,0
04-01-1900,1,2014,serie_2,5
05-01-1900,1,2014,serie_2,1065
05-01-1900,1,2014,serie_1,2937
06-01-1900,1,2014,serie_1,2731
06-01-1900,1,2014,serie_2,1025
07-01-1900,1,2014,serie_1,2380
07-01-1900,1,2014,serie_2,896
08-01-1900,1,2014,serie_2,948
08-01-1900,1,2014,serie_1,2416
09-01-1900,1,2014,serie_1,2556
09-01-1900,1,2014,serie_2,998
10-01-1900,1,2014,serie_2,661
10-01-1900,1,2014,serie_1,1867
11-01-1900,1,2014,serie_2,5
11-01-1900,1,2014,serie_1,0
12-01-1900,1,2014,serie_2,941
12-01-1900,1,2014,serie_1,2657
13-01-1900,1,2014,serie_2,909
13-01-1900,1,2014,serie_1,2508
14-01-1900,1,2014,serie_2,842
14-01-1900,1,2014,serie_1,2440
15-01-1900,1,2014,serie_2,906
15-01-1900,1,2014,serie_1,2381
16-01-1900,1,2014,serie_1,2381
16-01-1900,1,2014,serie_2,930
17-01-1900,1,2014,serie_1,1849
17-01-1900,1,2014,serie_2,648
18-01-1900,1,2014,serie_1,0
18-01-1900,1,2014,serie_2,5
19-01-1900,1,2014,serie_2,924
19-01-1900,1,2014,serie_1,2608
20-01-1900,1,2014,serie_2,934
20-01-1900,1,2014,serie_1,2501
21-01-1900,1,2014,serie_2,838
21-01-1900,1,2014,serie_1,2234
22-01-1900,1,2014,serie_2,832
22-01-1900,1,2014,serie_1,2290
23-01-1900,1,2014,serie_2,849
23-01-1900,1,2014,serie_1,2328
24-01-1900,1,2014,serie_1,1881
24-01-1900,1,2014,serie_2,673
25-01-1900,1,2014,serie_1,0
25-01-1900,1,2014,serie_2,5
26-01-1900,1,2014,serie_2,935
26-01-1900,1,2014,serie_1,2455
27-01-1900,1,2014,serie_1,2484
27-01-1900,1,2014,serie_2,907
28-01-1900,1,2014,serie_1,2371
28-01-1900,1,2014,serie_2,874
29-01-1900,1,2014,serie_1,2349
29-01-1900,1,2014,serie_2,877
30-01-1900,1,2014,serie_2,862
30-01-1900,1,2014,serie_1,2552
31-01-1900,1,2014,serie_1,1710
31-01-1900,1,2014,serie_2,650
01-01-1900,2,2014,serie_2,5
01-01-1900,2,2014,serie_1,0
02-01-1900,2,2014,serie_1,2382
02-01-1900,2,2014,serie_2,876
03-01-1900,2,2014,serie_1,2312
03-01-1900,2,2014,serie_2,816
04-01-1900,2,2014,serie_1,2205
04-01-1900,2,2014,serie_2,760
05-01-1900,2,2014,serie_2,849
05-01-1900,2,2014,serie_1,2243
06-01-1900,2,2014,serie_1,2270
06-01-1900,2,2014,serie_2,854
07-01-1900,2,2014,serie_1,1738
07-01-1900,2,2014,serie_2,602
08-01-1900,2,2014,serie_2,5
08-01-1900,2,2014,serie_1,0
09-01-1900,2,2014,serie_1,2507
09-01-1900,2,2014,serie_2,868
10-01-1900,2,2014,serie_1,2404
10-01-1900,2,2014,serie_2,861
11-01-1900,2,2014,serie_2,825
11-01-1900,2,2014,serie_1,2143
12-01-1900,2,2014,serie_1,2131
12-01-1900,2,2014,serie_2,850
13-01-1900,2,2014,serie_2,850
13-01-1900,2,2014,serie_1,2328
14-01-1900,2,2014,serie_1,1613
14-01-1900,2,2014,serie_2,587
15-01-1900,2,2014,serie_1,0
15-01-1900,2,2014,serie_2,5
16-01-1900,2,2014,serie_1,2272
16-01-1900,2,2014,serie_2,798
17-01-1900,2,2014,serie_1,2290
17-01-1900,2,2014,serie_2,846
18-01-1900,2,2014,serie_2,741
18-01-1900,2,2014,serie_1,2034
19-01-1900,2,2014,serie_2,737
19-01-1900,2,2014,serie_1,1903
20-01-1900,2,2014,serie_2,778
20-01-1900,2,2014,serie_1,2083
21-01-1900,2,2014,serie_1,1595
21-01-1900,2,2014,serie_2,564
22-01-1900,2,2014,serie_1,0
22-01-1900,2,2014,serie_2,5
23-01-1900,2,2014,serie_1,2156
23-01-1900,2,2014,serie_2,754
24-01-1900,2,2014,serie_2,855
24-01-1900,2,2014,serie_1,2313
25-01-1900,2,2014,serie_1,2107
25-01-1900,2,2014,serie_2,787
26-01-1900,2,2014,serie_1,2218
26-01-1900,2,2014,serie_2,813
27-01-1900,2,2014,serie_2,780
27-01-1900,2,2014,serie_1,2176
28-01-1900,2,2014,serie_2,581
28-01-1900,2,2014,serie_1,1566
01-01-1900,3,2014,serie_1,0
01-01-1900,3,2014,serie_2,5
02-01-1900,3,2014,serie_2,772
02-01-1900,3,2014,serie_1,2295
03-01-1900,3,2014,serie_2,834
03-01-1900,3,2014,serie_1,2327
04-01-1900,3,2014,serie_2,771
04-01-1900,3,2014,serie_1,2106
05-01-1900,3,2014,serie_2,748
05-01-1900,3,2014,serie_1,2021
06-01-1900,3,2014,serie_1,2254
06-01-1900,3,2014,serie_2,785
07-01-1900,3,2014,serie_2,559
07-01-1900,3,2014,serie_1,1627
08-01-1900,3,2014,serie_1,0
08-01-1900,3,2014,serie_2,5
09-01-1900,3,2014,serie_1,1898
09-01-1900,3,2014,serie_2,650
10-01-1900,3,2014,serie_2,768
10-01-1900,3,2014,serie_1,2183
11-01-1900,3,2014,serie_1,2096
11-01-1900,3,2014,serie_2,722
12-01-1900,3,2014,serie_1,1987
12-01-1900,3,2014,serie_2,718
13-01-1900,3,2014,serie_2,726
13-01-1900,3,2014,serie_1,2050
14-01-1900,3,2014,serie_1,1568
14-01-1900,3,2014,serie_2,520
15-01-1900,3,2014,serie_1,0
15-01-1900,3,2014,serie_2,5
16-01-1900,3,2014,serie_1,2243
16-01-1900,3,2014,serie_2,772
17-01-1900,3,2014,serie_1,2375
17-01-1900,3,2014,serie_2,769
18-01-1900,3,2014,serie_1,2116
18-01-1900,3,2014,serie_2,723
19-01-1900,3,2014,serie_1,1972
19-01-1900,3,2014,serie_2,685
20-01-1900,3,2014,serie_1,2001
20-01-1900,3,2014,serie_2,697
21-01-1900,3,2014,serie_2,655
21-01-1900,3,2014,serie_1,2047
22-01-1900,3,2014,serie_1,2
22-01-1900,3,2014,serie_2,5
23-01-1900,3,2014,serie_2,1093
23-01-1900,3,2014,serie_1,3173
24-01-1900,3,2014,serie_2,1024
24-01-1900,3,2014,serie_1,3002
25-01-1900,3,2014,serie_1,2796
25-01-1900,3,2014,serie_2,907
26-01-1900,3,2014,serie_1,2843
26-01-1900,3,2014,serie_2,946
27-01-1900,3,2014,serie_2,978
27-01-1900,3,2014,serie_1,2999
28-01-1900,3,2014,serie_1,2156
28-01-1900,3,2014,serie_2,744
29-01-1900,3,2014,serie_2,5
29-01-1900,3,2014,serie_1,0
30-01-1900,3,2014,serie_2,903
30-01-1900,3,2014,serie_1,2811
31-01-1900,3,2014,serie_1,2711
31-01-1900,3,2014,serie_2,919
01-01-1900,4,2014,serie_2,753
01-01-1900,4,2014,serie_1,2291
02-01-1900,4,2014,serie_1,2262
02-01-1900,4,2014,serie_2,780
03-01-1900,4,2014,serie_1,2355
03-01-1900,4,2014,serie_2,846
04-01-1900,4,2014,serie_2,614
04-01-1900,4,2014,serie_1,1740
05-01-1900,4,2014,serie_1,0
05-01-1900,4,2014,serie_2,5
06-01-1900,4,2014,serie_2,820
06-01-1900,4,2014,serie_1,2448
07-01-1900,4,2014,serie_2,903
07-01-1900,4,2014,serie_1,2576
08-01-1900,4,2014,serie_1,2527
08-01-1900,4,2014,serie_2,830
09-01-1900,4,2014,serie_1,2223
09-01-1900,4,2014,serie_2,807
10-01-1900,4,2014,serie_1,2266
10-01-1900,4,2014,serie_2,812
11-01-1900,4,2014,serie_2,653
11-01-1900,4,2014,serie_1,1763
12-01-1900,4,2014,serie_1,0
12-01-1900,4,2014,serie_2,5
13-01-1900,4,2014,serie_2,766
13-01-1900,4,2014,serie_1,2254
14-01-1900,4,2014,serie_2,914
14-01-1900,4,2014,serie_1,2586
15-01-1900,4,2014,serie_1,2261
15-01-1900,4,2014,serie_2,830
16-01-1900,4,2014,serie_1,2189
16-01-1900,4,2014,serie_2,871
17-01-1900,4,2014,serie_2,805
17-01-1900,4,2014,serie_1,2309
18-01-1900,4,2014,serie_1,1738
18-01-1900,4,2014,serie_2,631
19-01-1900,4,2014,serie_2,5
19-01-1900,4,2014,serie_1,0
20-01-1900,4,2014,serie_2,5
20-01-1900,4,2014,serie_1,0
21-01-1900,4,2014,serie_1,2696
21-01-1900,4,2014,serie_2,1000
22-01-1900,4,2014,serie_2,946
22-01-1900,4,2014,serie_1,2467
23-01-1900,4,2014,serie_2,836
23-01-1900,4,2014,serie_1,2260
24-01-1900,4,2014,serie_2,895
24-01-1900,4,2014,serie_1,2392
25-01-1900,4,2014,serie_1,1233
25-01-1900,4,2014,serie_2,474
26-01-1900,4,2014,serie_2,5
26-01-1900,4,2014,serie_1,0
27-01-1900,4,2014,serie_1,2322
27-01-1900,4,2014,serie_2,838
28-01-1900,4,2014,serie_1,3116
28-01-1900,4,2014,serie_2,1134
29-01-1900,4,2014,serie_1,2645
29-01-1900,4,2014,serie_2,958
30-01-1900,4,2014,serie_1,2294
30-01-1900,4,2014,serie_2,822
01-01-1900,5,2014,serie_1,1754
01-01-1900,5,2014,serie_2,693
02-01-1900,5,2014,serie_2,735
02-01-1900,5,2014,serie_1,2322
03-01-1900,5,2014,serie_2,5
03-01-1900,5,2014,serie_1,0
04-01-1900,5,2014,serie_1,3155
04-01-1900,5,2014,serie_2,874
05-01-1900,5,2014,serie_1,2967
05-01-1900,5,2014,serie_2,943
06-01-1900,5,2014,serie_2,934
06-01-1900,5,2014,serie_1,2684
07-01-1900,5,2014,serie_1,2999
07-01-1900,5,2014,serie_2,992
08-01-1900,5,2014,serie_2,1012
08-01-1900,5,2014,serie_1,2954
09-01-1900,5,2014,serie_1,2324
09-01-1900,5,2014,serie_2,749
10-01-1900,5,2014,serie_2,320
10-01-1900,5,2014,serie_1,801
11-01-1900,5,2014,serie_1,2359
11-01-1900,5,2014,serie_2,728
12-01-1900,5,2014,serie_1,2992
12-01-1900,5,2014,serie_2,971
13-01-1900,5,2014,serie_2,836
13-01-1900,5,2014,serie_1,2543
14-01-1900,5,2014,serie_1,2697
14-01-1900,5,2014,serie_2,915
15-01-1900,5,2014,serie_1,2503
15-01-1900,5,2014,serie_2,876
16-01-1900,5,2014,serie_2,598
16-01-1900,5,2014,serie_1,1796
17-01-1900,5,2014,serie_2,5
17-01-1900,5,2014,serie_1,0
18-01-1900,5,2014,serie_2,742
18-01-1900,5,2014,serie_1,2073
19-01-1900,5,2014,serie_1,2553
19-01-1900,5,2014,serie_2,884
20-01-1900,5,2014,serie_2,826
20-01-1900,5,2014,serie_1,2480
21-01-1900,5,2014,serie_2,901
21-01-1900,5,2014,serie_1,2659
22-01-1900,5,2014,serie_1,2765
22-01-1900,5,2014,serie_2,888
23-01-1900,5,2014,serie_1,2302
23-01-1900,5,2014,serie_2,769
24-01-1900,5,2014,serie_1,0
24-01-1900,5,2014,serie_2,5
25-01-1900,5,2014,serie_1,3015
25-01-1900,5,2014,serie_2,1014
26-01-1900,5,2014,serie_2,1278
26-01-1900,5,2014,serie_1,3546
27-01-1900,5,2014,serie_1,3463
27-01-1900,5,2014,serie_2,1108
28-01-1900,5,2014,serie_2,797
28-01-1900,5,2014,serie_1,2481
29-01-1900,5,2014,serie_2,5
29-01-1900,5,2014,serie_1,0
30-01-1900,5,2014,serie_1,4475
30-01-1900,5,2014,serie_2,1362
31-01-1900,5,2014,serie_2,5
31-01-1900,5,2014,serie_1,0
01-01-1900,6,2014,serie_2,972
01-01-1900,6,2014,serie_1,3065
02-01-1900,6,2014,serie_2,1104
02-01-1900,6,2014,serie_1,3467
03-01-1900,6,2014,serie_2,1004
03-01-1900,6,2014,serie_1,3222
04-01-1900,6,2014,serie_1,3378
04-01-1900,6,2014,serie_2,1074
05-01-1900,6,2014,serie_2,1004
05-01-1900,6,2014,serie_1,3123
06-01-1900,6,2014,serie_2,724
06-01-1900,6,2014,serie_1,2189
07-01-1900,6,2014,serie_1,0
07-01-1900,6,2014,serie_2,5
08-01-1900,6,2014,serie_1,841
08-01-1900,6,2014,serie_2,444
09-01-1900,6,2014,serie_1,2649
09-01-1900,6,2014,serie_2,773
10-01-1900,6,2014,serie_1,3446
10-01-1900,6,2014,serie_2,1138
11-01-1900,6,2014,serie_2,1030
11-01-1900,6,2014,serie_1,3243
12-01-1900,6,2014,serie_2,1012
12-01-1900,6,2014,serie_1,3071
13-01-1900,6,2014,serie_2,653
13-01-1900,6,2014,serie_1,1993
14-01-1900,6,2014,serie_2,292
14-01-1900,6,2014,serie_1,747
15-01-1900,6,2014,serie_1,2400
15-01-1900,6,2014,serie_2,750
16-01-1900,6,2014,serie_2,1080
16-01-1900,6,2014,serie_1,3430
17-01-1900,6,2014,serie_2,896
17-01-1900,6,2014,serie_1,2426
18-01-1900,6,2014,serie_2,848
18-01-1900,6,2014,serie_1,2445
19-01-1900,6,2014,serie_2,910
19-01-1900,6,2014,serie_1,2630
20-01-1900,6,2014,serie_1,2096
20-01-1900,6,2014,serie_2,716
21-01-1900,6,2014,serie_2,5
21-01-1900,6,2014,serie_1,0
22-01-1900,6,2014,serie_2,994
22-01-1900,6,2014,serie_1,2786
23-01-1900,6,2014,serie_2,1058
23-01-1900,6,2014,serie_1,2937
24-01-1900,6,2014,serie_1,2614
24-01-1900,6,2014,serie_2,1020
25-01-1900,6,2014,serie_2,1048
25-01-1900,6,2014,serie_1,2836
26-01-1900,6,2014,serie_1,2631
26-01-1900,6,2014,serie_2,923
27-01-1900,6,2014,serie_2,710
27-01-1900,6,2014,serie_1,1982
28-01-1900,6,2014,serie_2,193
28-01-1900,6,2014,serie_1,593
29-01-1900,6,2014,serie_2,889
29-01-1900,6,2014,serie_1,2443
30-01-1900,6,2014,serie_1,3262
30-01-1900,6,2014,serie_2,1185
01-01-1900,7,2014,serie_2,1046
01-01-1900,7,2014,serie_1,2783
02-01-1900,7,2014,serie_1,2909
02-01-1900,7,2014,serie_2,1058
03-01-1900,7,2014,serie_1,3006
03-01-1900,7,2014,serie_2,1068
04-01-1900,7,2014,serie_1,2147
04-01-1900,7,2014,serie_2,749
05-01-1900,7,2014,serie_2,5
05-01-1900,7,2014,serie_1,0
06-01-1900,7,2014,serie_1,3085
06-01-1900,7,2014,serie_2,1184
07-01-1900,7,2014,serie_1,3589
07-01-1900,7,2014,serie_2,1243
08-01-1900,7,2014,serie_2,1282
08-01-1900,7,2014,serie_1,3110
09-01-1900,7,2014,serie_1,3023
09-01-1900,7,2014,serie_2,1175
10-01-1900,7,2014,serie_1,2763
10-01-1900,7,2014,serie_2,1071
11-01-1900,7,2014,serie_1,2343
11-01-1900,7,2014,serie_2,775
12-01-1900,7,2014,serie_1,0
12-01-1900,7,2014,serie_2,5
13-01-1900,7,2014,serie_1,3410
13-01-1900,7,2014,serie_2,1265
14-01-1900,7,2014,serie_1,3531
14-01-1900,7,2014,serie_2,1239
15-01-1900,7,2014,serie_2,1057
15-01-1900,7,2014,serie_1,3039
16-01-1900,7,2014,serie_1,3025
16-01-1900,7,2014,serie_2,1048
17-01-1900,7,2014,serie_2,919
17-01-1900,7,2014,serie_1,2798
18-01-1900,7,2014,serie_2,638
18-01-1900,7,2014,serie_1,1878
19-01-1900,7,2014,serie_1,0
19-01-1900,7,2014,serie_2,5
20-01-1900,7,2014,serie_1,2648
20-01-1900,7,2014,serie_2,891
21-01-1900,7,2014,serie_1,2842
21-01-1900,7,2014,serie_2,904
22-01-1900,7,2014,serie_1,2931
22-01-1900,7,2014,serie_2,1021
23-01-1900,7,2014,serie_2,935
23-01-1900,7,2014,serie_1,2837
24-01-1900,7,2014,serie_2,955
24-01-1900,7,2014,serie_1,2960
25-01-1900,7,2014,serie_2,746
25-01-1900,7,2014,serie_1,2332
26-01-1900,7,2014,serie_1,0
26-01-1900,7,2014,serie_2,5
27-01-1900,7,2014,serie_1,3085
27-01-1900,7,2014,serie_2,1072
28-01-1900,7,2014,serie_1,3592
28-01-1900,7,2014,serie_2,1186
29-01-1900,7,2014,serie_2,1116
29-01-1900,7,2014,serie_1,3115
30-01-1900,7,2014,serie_2,1113
30-01-1900,7,2014,serie_1,3282
31-01-1900,7,2014,serie_1,3280
31-01-1900,7,2014,serie_2,1112
01-01-1900,8,2014,serie_2,757
01-01-1900,8,2014,serie_1,2161
02-01-1900,8,2014,serie_2,5
02-01-1900,8,2014,serie_1,0
03-01-1900,8,2014,serie_1,3112
03-01-1900,8,2014,serie_2,1045
04-01-1900,8,2014,serie_2,1159
04-01-1900,8,2014,serie_1,3637
05-01-1900,8,2014,serie_2,984
05-01-1900,8,2014,serie_1,2834
06-01-1900,8,2014,serie_1,3216
06-01-1900,8,2014,serie_2,1134
07-01-1900,8,2014,serie_1,3101
07-01-1900,8,2014,serie_2,1023
08-01-1900,8,2014,serie_1,2538
08-01-1900,8,2014,serie_2,794
09-01-1900,8,2014,serie_1,0
09-01-1900,8,2014,serie_2,5
10-01-1900,8,2014,serie_2,1056
10-01-1900,8,2014,serie_1,3498
11-01-1900,8,2014,serie_1,4008
11-01-1900,8,2014,serie_2,1419
12-01-1900,8,2014,serie_2,1082
12-01-1900,8,2014,serie_1,3063
13-01-1900,8,2014,serie_1,3317
13-01-1900,8,2014,serie_2,1090
14-01-1900,8,2014,serie_1,2581
14-01-1900,8,2014,serie_2,847
15-01-1900,8,2014,serie_1,2082
15-01-1900,8,2014,serie_2,617
16-01-1900,8,2014,serie_2,5
16-01-1900,8,2014,serie_1,0
17-01-1900,8,2014,serie_1,4183
17-01-1900,8,2014,serie_2,1273
18-01-1900,8,2014,serie_1,3759
18-01-1900,8,2014,serie_2,1195
19-01-1900,8,2014,serie_2,1055
19-01-1900,8,2014,serie_1,3291
20-01-1900,8,2014,serie_1,3395
20-01-1900,8,2014,serie_2,1075
21-01-1900,8,2014,serie_1,3151
21-01-1900,8,2014,serie_2,1030
22-01-1900,8,2014,serie_1,2668
22-01-1900,8,2014,serie_2,863
23-01-1900,8,2014,serie_1,0
23-01-1900,8,2014,serie_2,5
24-01-1900,8,2014,serie_1,3586
24-01-1900,8,2014,serie_2,1229
25-01-1900,8,2014,serie_2,1282
25-01-1900,8,2014,serie_1,3910
26-01-1900,8,2014,serie_1,3544
26-01-1900,8,2014,serie_2,1171
27-01-1900,8,2014,serie_1,3437
27-01-1900,8,2014,serie_2,1128
28-01-1900,8,2014,serie_1,3442
28-01-1900,8,2014,serie_2,1112
29-01-1900,8,2014,serie_1,2751
29-01-1900,8,2014,serie_2,810
30-01-1900,8,2014,serie_1,2423
30-01-1900,8,2014,serie_2,763
31-01-1900,8,2014,serie_1,2845
31-01-1900,8,2014,serie_2,787
01-01-1900,9,2014,serie_1,3738
01-01-1900,9,2014,serie_2,1160
02-01-1900,9,2014,serie_1,3133
02-01-1900,9,2014,serie_2,1018
03-01-1900,9,2014,serie_2,1067
03-01-1900,9,2014,serie_1,3228
04-01-1900,9,2014,serie_1,2889
04-01-1900,9,2014,serie_2,1107
05-01-1900,9,2014,serie_2,730
05-01-1900,9,2014,serie_1,2146
06-01-1900,9,2014,serie_1,1736
06-01-1900,9,2014,serie_2,549
07-01-1900,9,2014,serie_2,709
07-01-1900,9,2014,serie_1,2174
08-01-1900,9,2014,serie_1,3284
08-01-1900,9,2014,serie_2,1152
09-01-1900,9,2014,serie_2,961
09-01-1900,9,2014,serie_1,2840
10-01-1900,9,2014,serie_2,968
10-01-1900,9,2014,serie_1,2918
11-01-1900,9,2014,serie_2,958
11-01-1900,9,2014,serie_1,2914
12-01-1900,9,2014,serie_1,2134
12-01-1900,9,2014,serie_2,687
13-01-1900,9,2014,serie_2,492
13-01-1900,9,2014,serie_1,1384
14-01-1900,9,2014,serie_2,660
14-01-1900,9,2014,serie_1,2112
15-01-1900,9,2014,serie_2,1013
15-01-1900,9,2014,serie_1,3029
16-01-1900,9,2014,serie_2,946
16-01-1900,9,2014,serie_1,2840
17-01-1900,9,2014,serie_2,898
17-01-1900,9,2014,serie_1,2690
18-01-1900,9,2014,serie_1,2664
18-01-1900,9,2014,serie_2,872
19-01-1900,9,2014,serie_2,763
19-01-1900,9,2014,serie_1,2565
20-01-1900,9,2014,serie_1,1902
20-01-1900,9,2014,serie_2,553
21-01-1900,9,2014,serie_1,2741
21-01-1900,9,2014,serie_2,811
22-01-1900,9,2014,serie_2,1145
22-01-1900,9,2014,serie_1,3929
23-01-1900,9,2014,serie_1,3280
23-01-1900,9,2014,serie_2,1053
24-01-1900,9,2014,serie_2,1477
24-01-1900,9,2014,serie_1,3847
25-01-1900,9,2014,serie_1,3641
25-01-1900,9,2014,serie_2,1284
26-01-1900,9,2014,serie_1,3094
26-01-1900,9,2014,serie_2,1043
27-01-1900,9,2014,serie_2,635
27-01-1900,9,2014,serie_1,1829
28-01-1900,9,2014,serie_2,916
28-01-1900,9,2014,serie_1,3019
29-01-1900,9,2014,serie_2,1174
29-01-1900,9,2014,serie_1,3713
30-01-1900,9,2014,serie_2,996
30-01-1900,9,2014,serie_1,3143
01-01-1900,10,2014,serie_2,1029
01-01-1900,10,2014,serie_1,3136
02-01-1900,10,2014,serie_1,3100
02-01-1900,10,2014,serie_2,1013
03-01-1900,10,2014,serie_2,762
03-01-1900,10,2014,serie_1,2267
04-01-1900,10,2014,serie_1,1396
04-01-1900,10,2014,serie_2,516
05-01-1900,10,2014,serie_1,2447
05-01-1900,10,2014,serie_2,723
06-01-1900,10,2014,serie_1,3220
06-01-1900,10,2014,serie_2,1110
07-01-1900,10,2014,serie_2,966
07-01-1900,10,2014,serie_1,2886
08-01-1900,10,2014,serie_2,993
08-01-1900,10,2014,serie_1,3039
09-01-1900,10,2014,serie_1,2869
09-01-1900,10,2014,serie_2,982
10-01-1900,10,2014,serie_2,723
10-01-1900,10,2014,serie_1,2190
11-01-1900,10,2014,serie_1,1656
11-01-1900,10,2014,serie_2,551
12-01-1900,10,2014,serie_1,2196
12-01-1900,10,2014,serie_2,674
13-01-1900,10,2014,serie_1,3299
13-01-1900,10,2014,serie_2,996
14-01-1900,10,2014,serie_2,904
14-01-1900,10,2014,serie_1,2722
15-01-1900,10,2014,serie_1,2894
15-01-1900,10,2014,serie_2,898
16-01-1900,10,2014,serie_1,2896
16-01-1900,10,2014,serie_2,903
17-01-1900,10,2014,serie_2,713
17-01-1900,10,2014,serie_1,2297
18-01-1900,10,2014,serie_1,1331
18-01-1900,10,2014,serie_2,434
19-01-1900,10,2014,serie_1,2104
19-01-1900,10,2014,serie_2,674
20-01-1900,10,2014,serie_1,3244
20-01-1900,10,2014,serie_2,1026
21-01-1900,10,2014,serie_2,907
21-01-1900,10,2014,serie_1,2824
22-01-1900,10,2014,serie_1,2830
22-01-1900,10,2014,serie_2,926
23-01-1900,10,2014,serie_2,914
23-01-1900,10,2014,serie_1,2843
24-01-1900,10,2014,serie_2,770
24-01-1900,10,2014,serie_1,2540
25-01-1900,10,2014,serie_1,1739
25-01-1900,10,2014,serie_2,520
26-01-1900,10,2014,serie_2,730
26-01-1900,10,2014,serie_1,2464
27-01-1900,10,2014,serie_2,1011
27-01-1900,10,2014,serie_1,3255
28-01-1900,10,2014,serie_2,915
28-01-1900,10,2014,serie_1,2790
29-01-1900,10,2014,serie_1,3219
29-01-1900,10,2014,serie_2,998
30-01-1900,10,2014,serie_2,1020
30-01-1900,10,2014,serie_1,3122
31-01-1900,10,2014,serie_2,687
31-01-1900,10,2014,serie_1,2215
01-01-1900,11,2014,serie_2,440
01-01-1900,11,2014,serie_1,1350
02-01-1900,11,2014,serie_1,2323
02-01-1900,11,2014,serie_2,789
03-01-1900,11,2014,serie_2,1110
03-01-1900,11,2014,serie_1,3414
04-01-1900,11,2014,serie_2,974
04-01-1900,11,2014,serie_1,2823
05-01-1900,11,2014,serie_1,2760
05-01-1900,11,2014,serie_2,958
06-01-1900,11,2014,serie_2,1036
06-01-1900,11,2014,serie_1,2861
07-01-1900,11,2014,serie_1,2299
07-01-1900,11,2014,serie_2,789
08-01-1900,11,2014,serie_2,528
08-01-1900,11,2014,serie_1,1618
09-01-1900,11,2014,serie_1,2258
09-01-1900,11,2014,serie_2,714
10-01-1900,11,2014,serie_1,2821
10-01-1900,11,2014,serie_2,923
11-01-1900,11,2014,serie_1,2402
11-01-1900,11,2014,serie_2,763
12-01-1900,11,2014,serie_2,1037
12-01-1900,11,2014,serie_1,2924
13-01-1900,11,2014,serie_2,980
13-01-1900,11,2014,serie_1,2835
14-01-1900,11,2014,serie_1,2317
14-01-1900,11,2014,serie_2,765
15-01-1900,11,2014,serie_1,1731
15-01-1900,11,2014,serie_2,541
16-01-1900,11,2014,serie_1,2551
16-01-1900,11,2014,serie_2,775
17-01-1900,11,2014,serie_2,1222
17-01-1900,11,2014,serie_1,3449
18-01-1900,11,2014,serie_2,1008
18-01-1900,11,2014,serie_1,3074
19-01-1900,11,2014,serie_2,1082
19-01-1900,11,2014,serie_1,3346
20-01-1900,11,2014,serie_2,1112
20-01-1900,11,2014,serie_1,3266
21-01-1900,11,2014,serie_1,2639
21-01-1900,11,2014,serie_2,831
22-01-1900,11,2014,serie_1,1776
22-01-1900,11,2014,serie_2,614
23-01-1900,11,2014,serie_1,2815
23-01-1900,11,2014,serie_2,862
24-01-1900,11,2014,serie_1,4443
24-01-1900,11,2014,serie_2,1369
25-01-1900,11,2014,serie_1,4084
25-01-1900,11,2014,serie_2,1222
26-01-1900,11,2014,serie_2,1303
26-01-1900,11,2014,serie_1,4470
27-01-1900,11,2014,serie_2,1314
27-01-1900,11,2014,serie_1,4575
28-01-1900,11,2014,serie_2,1072
28-01-1900,11,2014,serie_1,3711
29-01-1900,11,2014,serie_2,926
29-01-1900,11,2014,serie_1,3141
30-01-1900,11,2014,serie_2,1116
30-01-1900,11,2014,serie_1,3835
01-01-1900,12,2014,serie_1,5432
01-01-1900,12,2014,serie_2,1691
02-01-1900,12,2014,serie_1,4683
02-01-1900,12,2014,serie_2,1465
03-01-1900,12,2014,serie_2,1463
03-01-1900,12,2014,serie_1,4665
04-01-1900,12,2014,serie_2,1336
04-01-1900,12,2014,serie_1,4218
05-01-1900,12,2014,serie_1,2796
05-01-1900,12,2014,serie_2,912
06-01-1900,12,2014,serie_2,682
06-01-1900,12,2014,serie_1,2046
07-01-1900,12,2014,serie_1,3213
07-01-1900,12,2014,serie_2,1025
08-01-1900,12,2014,serie_1,4030
08-01-1900,12,2014,serie_2,1413
09-01-1900,12,2014,serie_1,3495
09-01-1900,12,2014,serie_2,1247
10-01-1900,12,2014,serie_2,1374
10-01-1900,12,2014,serie_1,3884
11-01-1900,12,2014,serie_1,4079
11-01-1900,12,2014,serie_2,1368
12-01-1900,12,2014,serie_2,1042
12-01-1900,12,2014,serie_1,3410
13-01-1900,12,2014,serie_1,2614
13-01-1900,12,2014,serie_2,829
14-01-1900,12,2014,serie_2,1233
14-01-1900,12,2014,serie_1,3833
15-01-1900,12,2014,serie_1,5694
15-01-1900,12,2014,serie_2,1816
16-01-1900,12,2014,serie_2,1683
16-01-1900,12,2014,serie_1,5180
17-01-1900,12,2014,serie_2,1825
17-01-1900,12,2014,serie_1,5668
18-01-1900,12,2014,serie_1,5596
18-01-1900,12,2014,serie_2,1819
19-01-1900,12,2014,serie_1,5179
19-01-1900,12,2014,serie_2,1548
20-01-1900,12,2014,serie_2,1250
20-01-1900,12,2014,serie_1,4340
21-01-1900,12,2014,serie_1,6564
21-01-1900,12,2014,serie_2,1942
22-01-1900,12,2014,serie_1,8448
22-01-1900,12,2014,serie_2,2693
23-01-1900,12,2014,serie_2,2013
23-01-1900,12,2014,serie_1,6543
24-01-1900,12,2014,serie_2,390
24-01-1900,12,2014,serie_1,1312
25-01-1900,12,2014,serie_1,0
25-01-1900,12,2014,serie_2,5
26-01-1900,12,2014,serie_2,1475
26-01-1900,12,2014,serie_1,5024
27-01-1900,12,2014,serie_2,837
27-01-1900,12,2014,serie_1,3373
28-01-1900,12,2014,serie_2,1036
28-01-1900,12,2014,serie_1,4237
29-01-1900,12,2014,serie_1,6072
29-01-1900,12,2014,serie_2,1576
30-01-1900,12,2014,serie_1,4379
30-01-1900,12,2014,serie_2,1248
31-01-1900,12,2014,serie_1,1427
31-01-1900,12,2014,serie_2,451
01-01-1900,1,2015,serie_2,400
01-01-1900,1,2015,serie_1,1484
02-01-1900,1,2015,serie_2,1266
02-01-1900,1,2015,serie_1,4948
03-01-1900,1,2015,serie_1,3450
03-01-1900,1,2015,serie_2,933
04-01-1900,1,2015,serie_1,3598
04-01-1900,1,2015,serie_2,943
05-01-1900,1,2015,serie_2,1323
05-01-1900,1,2015,serie_1,4691
06-01-1900,1,2015,serie_2,1170
06-01-1900,1,2015,serie_1,3667
07-01-1900,1,2015,serie_2,1194
07-01-1900,1,2015,serie_1,3770
08-01-1900,1,2015,serie_1,4117
08-01-1900,1,2015,serie_2,1175
09-01-1900,1,2015,serie_1,3376
09-01-1900,1,2015,serie_2,878
10-01-1900,1,2015,serie_1,2767
10-01-1900,1,2015,serie_2,795
11-01-1900,1,2015,serie_2,914
11-01-1900,1,2015,serie_1,3116
12-01-1900,1,2015,serie_1,4179
12-01-1900,1,2015,serie_2,1244
13-01-1900,1,2015,serie_2,1085
13-01-1900,1,2015,serie_1,3613
14-01-1900,1,2015,serie_2,1103
14-01-1900,1,2015,serie_1,3838
15-01-1900,1,2015,serie_2,1061
15-01-1900,1,2015,serie_1,3610
16-01-1900,1,2015,serie_2,912
16-01-1900,1,2015,serie_1,3241
17-01-1900,1,2015,serie_2,732
17-01-1900,1,2015,serie_1,2588
18-01-1900,1,2015,serie_2,892
18-01-1900,1,2015,serie_1,3072
19-01-1900,1,2015,serie_2,1192
19-01-1900,1,2015,serie_1,4122
20-01-1900,1,2015,serie_1,3562
20-01-1900,1,2015,serie_2,1065
21-01-1900,1,2015,serie_1,3689
21-01-1900,1,2015,serie_2,1206
22-01-1900,1,2015,serie_2,1159
22-01-1900,1,2015,serie_1,3705
23-01-1900,1,2015,serie_2,949
23-01-1900,1,2015,serie_1,3266
24-01-1900,1,2015,serie_2,809
24-01-1900,1,2015,serie_1,2787
25-01-1900,1,2015,serie_1,3178
25-01-1900,1,2015,serie_2,922
26-01-1900,1,2015,serie_2,671
26-01-1900,1,2015,serie_1,2185
27-01-1900,1,2015,serie_1,4850
27-01-1900,1,2015,serie_2,1532
28-01-1900,1,2015,serie_1,3805
28-01-1900,1,2015,serie_2,1165
29-01-1900,1,2015,serie_2,1208
29-01-1900,1,2015,serie_1,3865
30-01-1900,1,2015,serie_2,952
30-01-1900,1,2015,serie_1,3168
31-01-1900,1,2015,serie_1,2783
31-01-1900,1,2015,serie_2,802
01-01-1900,2,2015,serie_2,809
01-01-1900,2,2015,serie_1,2815
02-01-1900,2,2015,serie_2,1199
02-01-1900,2,2015,serie_1,3911
03-01-1900,2,2015,serie_2,1093
03-01-1900,2,2015,serie_1,3596
04-01-1900,2,2015,serie_2,1141
04-01-1900,2,2015,serie_1,3577
05-01-1900,2,2015,serie_2,1151
05-01-1900,2,2015,serie_1,3650
06-01-1900,2,2015,serie_1,3051
06-01-1900,2,2015,serie_2,892
07-01-1900,2,2015,serie_1,2547
07-01-1900,2,2015,serie_2,738
08-01-1900,2,2015,serie_1,3142
08-01-1900,2,2015,serie_2,885
09-01-1900,2,2015,serie_1,3794
09-01-1900,2,2015,serie_2,1212
10-01-1900,2,2015,serie_1,3395
10-01-1900,2,2015,serie_2,1083
11-01-1900,2,2015,serie_2,1154
11-01-1900,2,2015,serie_1,3518
12-01-1900,2,2015,serie_2,1099
12-01-1900,2,2015,serie_1,3358
13-01-1900,2,2015,serie_1,2779
13-01-1900,2,2015,serie_2,827
14-01-1900,2,2015,serie_1,2125
14-01-1900,2,2015,serie_2,637
15-01-1900,2,2015,serie_1,2703
15-01-1900,2,2015,serie_2,810
16-01-1900,2,2015,serie_2,1124
16-01-1900,2,2015,serie_1,3673
17-01-1900,2,2015,serie_1,3289
17-01-1900,2,2015,serie_2,1041
18-01-1900,2,2015,serie_1,3485
18-01-1900,2,2015,serie_2,1092
19-01-1900,2,2015,serie_1,3432
19-01-1900,2,2015,serie_2,1006
20-01-1900,2,2015,serie_1,3084
20-01-1900,2,2015,serie_2,943
21-01-1900,2,2015,serie_1,2371
21-01-1900,2,2015,serie_2,682
22-01-1900,2,2015,serie_1,2983
22-01-1900,2,2015,serie_2,862
23-01-1900,2,2015,serie_2,1179
23-01-1900,2,2015,serie_1,3932
24-01-1900,2,2015,serie_2,1104
24-01-1900,2,2015,serie_1,3560
25-01-1900,2,2015,serie_2,1107
25-01-1900,2,2015,serie_1,3864
26-01-1900,2,2015,serie_2,1169
26-01-1900,2,2015,serie_1,3988
27-01-1900,2,2015,serie_1,3064
27-01-1900,2,2015,serie_2,910
28-01-1900,2,2015,serie_2,739
28-01-1900,2,2015,serie_1,2515
01-01-1900,3,2015,serie_1,3213
01-01-1900,3,2015,serie_2,903
02-01-1900,3,2015,serie_2,1264
02-01-1900,3,2015,serie_1,4132
03-01-1900,3,2015,serie_2,1110
03-01-1900,3,2015,serie_1,3662
04-01-1900,3,2015,serie_1,3921
04-01-1900,3,2015,serie_2,1164
05-01-1900,3,2015,serie_1,3751
05-01-1900,3,2015,serie_2,1091
06-01-1900,3,2015,serie_2,838
06-01-1900,3,2015,serie_1,3000
07-01-1900,3,2015,serie_2,616
07-01-1900,3,2015,serie_1,2183
08-01-1900,3,2015,serie_2,743
08-01-1900,3,2015,serie_1,2791
09-01-1900,3,2015,serie_1,3894
09-01-1900,3,2015,serie_2,1113
10-01-1900,3,2015,serie_1,3459
10-01-1900,3,2015,serie_2,934
11-01-1900,3,2015,serie_2,1030
11-01-1900,3,2015,serie_1,3509
12-01-1900,3,2015,serie_1,3462
12-01-1900,3,2015,serie_2,1001
13-01-1900,3,2015,serie_2,754
13-01-1900,3,2015,serie_1,2977
14-01-1900,3,2015,serie_2,627
14-01-1900,3,2015,serie_1,2390
15-01-1900,3,2015,serie_2,811
15-01-1900,3,2015,serie_1,3079
16-01-1900,3,2015,serie_2,1164
16-01-1900,3,2015,serie_1,3926
17-01-1900,3,2015,serie_2,1016
17-01-1900,3,2015,serie_1,3342
18-01-1900,3,2015,serie_2,1100
18-01-1900,3,2015,serie_1,3335
19-01-1900,3,2015,serie_1,3598
19-01-1900,3,2015,serie_2,1039
20-01-1900,3,2015,serie_2,854
20-01-1900,3,2015,serie_1,3055
21-01-1900,3,2015,serie_1,2458
21-01-1900,3,2015,serie_2,721
22-01-1900,3,2015,serie_1,2900
22-01-1900,3,2015,serie_2,836
23-01-1900,3,2015,serie_2,1250
23-01-1900,3,2015,serie_1,4484
24-01-1900,3,2015,serie_2,1186
24-01-1900,3,2015,serie_1,4373
25-01-1900,3,2015,serie_1,4448
25-01-1900,3,2015,serie_2,1193
26-01-1900,3,2015,serie_2,1200
26-01-1900,3,2015,serie_1,4482
27-01-1900,3,2015,serie_2,1124
27-01-1900,3,2015,serie_1,4106
28-01-1900,3,2015,serie_1,3268
28-01-1900,3,2015,serie_2,908
29-01-1900,3,2015,serie_1,4248
29-01-1900,3,2015,serie_2,1094
30-01-1900,3,2015,serie_1,4838
30-01-1900,3,2015,serie_2,1356
31-01-1900,3,2015,serie_1,4136
31-01-1900,3,2015,serie_2,1195
01-01-1900,4,2015,serie_2,1322
01-01-1900,4,2015,serie_1,4357
02-01-1900,4,2015,serie_2,1246
02-01-1900,4,2015,serie_1,4242
03-01-1900,4,2015,serie_2,917
03-01-1900,4,2015,serie_1,3547
04-01-1900,4,2015,serie_1,1493
04-01-1900,4,2015,serie_2,479
05-01-1900,4,2015,serie_2,7
05-01-1900,4,2015,serie_1,844
06-01-1900,4,2015,serie_1,3758
06-01-1900,4,2015,serie_2,1284
07-01-1900,4,2015,serie_2,1267
07-01-1900,4,2015,serie_1,4554
08-01-1900,4,2015,serie_1,4146
08-01-1900,4,2015,serie_2,1175
09-01-1900,4,2015,serie_1,4097
09-01-1900,4,2015,serie_2,1320
10-01-1900,4,2015,serie_1,3068
10-01-1900,4,2015,serie_2,912
11-01-1900,4,2015,serie_1,2552
11-01-1900,4,2015,serie_2,720
12-01-1900,4,2015,serie_1,3081
12-01-1900,4,2015,serie_2,862
13-01-1900,4,2015,serie_1,4263
13-01-1900,4,2015,serie_2,1287
14-01-1900,4,2015,serie_2,1029
14-01-1900,4,2015,serie_1,3400
15-01-1900,4,2015,serie_1,3611
15-01-1900,4,2015,serie_2,1029
16-01-1900,4,2015,serie_2,1100
16-01-1900,4,2015,serie_1,3716
17-01-1900,4,2015,serie_2,882
17-01-1900,4,2015,serie_1,3276
18-01-1900,4,2015,serie_1,2127
18-01-1900,4,2015,serie_2,578
19-01-1900,4,2015,serie_2,834
19-01-1900,4,2015,serie_1,3062
20-01-1900,4,2015,serie_1,4265
20-01-1900,4,2015,serie_2,1175
21-01-1900,4,2015,serie_1,3686
21-01-1900,4,2015,serie_2,1090
22-01-1900,4,2015,serie_1,3978
22-01-1900,4,2015,serie_2,1157
23-01-1900,4,2015,serie_2,1136
23-01-1900,4,2015,serie_1,3824
24-01-1900,4,2015,serie_1,3327
24-01-1900,4,2015,serie_2,924
25-01-1900,4,2015,serie_2,820
25-01-1900,4,2015,serie_1,2832
26-01-1900,4,2015,serie_2,796
26-01-1900,4,2015,serie_1,2552
27-01-1900,4,2015,serie_2,1046
27-01-1900,4,2015,serie_1,3641
28-01-1900,4,2015,serie_1,4631
28-01-1900,4,2015,serie_2,1328
29-01-1900,4,2015,serie_2,1339
29-01-1900,4,2015,serie_1,4658
30-01-1900,4,2015,serie_1,3873
30-01-1900,4,2015,serie_2,1109
01-01-1900,5,2015,serie_1,3052
01-01-1900,5,2015,serie_2,862
02-01-1900,5,2015,serie_2,712
02-01-1900,5,2015,serie_1,2520
03-01-1900,5,2015,serie_2,1078
03-01-1900,5,2015,serie_1,4174
04-01-1900,5,2015,serie_2,1164
04-01-1900,5,2015,serie_1,4072
05-01-1900,5,2015,serie_2,1000
05-01-1900,5,2015,serie_1,4018
06-01-1900,5,2015,serie_2,1526
06-01-1900,5,2015,serie_1,5122
07-01-1900,5,2015,serie_1,4738
07-01-1900,5,2015,serie_2,1406
08-01-1900,5,2015,serie_1,3613
08-01-1900,5,2015,serie_2,1042
09-01-1900,5,2015,serie_2,785
09-01-1900,5,2015,serie_1,2698
10-01-1900,5,2015,serie_1,2913
10-01-1900,5,2015,serie_2,823
11-01-1900,5,2015,serie_2,1288
11-01-1900,5,2015,serie_1,4369
12-01-1900,5,2015,serie_1,4249
12-01-1900,5,2015,serie_2,1270
13-01-1900,5,2015,serie_2,826
13-01-1900,5,2015,serie_1,2989
14-01-1900,5,2015,serie_2,10
14-01-1900,5,2015,serie_1,1455
15-01-1900,5,2015,serie_2,1763
15-01-1900,5,2015,serie_1,5130
16-01-1900,5,2015,serie_2,780
16-01-1900,5,2015,serie_1,2652
17-01-1900,5,2015,serie_1,3259
17-01-1900,5,2015,serie_2,915
18-01-1900,5,2015,serie_1,4527
18-01-1900,5,2015,serie_2,1341
19-01-1900,5,2015,serie_2,1237
19-01-1900,5,2015,serie_1,4042
20-01-1900,5,2015,serie_1,4285
20-01-1900,5,2015,serie_2,1345
21-01-1900,5,2015,serie_1,4252
21-01-1900,5,2015,serie_2,1281
22-01-1900,5,2015,serie_2,1133
22-01-1900,5,2015,serie_1,3875
23-01-1900,5,2015,serie_1,2045
23-01-1900,5,2015,serie_2,646
24-01-1900,5,2015,serie_1,988
24-01-1900,5,2015,serie_2,7
25-01-1900,5,2015,serie_2,1556
25-01-1900,5,2015,serie_1,4130
26-01-1900,5,2015,serie_2,1561
26-01-1900,5,2015,serie_1,4711
27-01-1900,5,2015,serie_2,1422
27-01-1900,5,2015,serie_1,4641
28-01-1900,5,2015,serie_1,4599
28-01-1900,5,2015,serie_2,1392
29-01-1900,5,2015,serie_1,3645
29-01-1900,5,2015,serie_2,1112
30-01-1900,5,2015,serie_1,2554
30-01-1900,5,2015,serie_2,778
31-01-1900,5,2015,serie_2,1160
31-01-1900,5,2015,serie_1,3775
01-01-1900,6,2015,serie_2,1522
01-01-1900,6,2015,serie_1,4631
02-01-1900,6,2015,serie_1,4421
02-01-1900,6,2015,serie_2,1451
03-01-1900,6,2015,serie_1,4794
03-01-1900,6,2015,serie_2,1437
04-01-1900,6,2015,serie_1,4102
04-01-1900,6,2015,serie_2,1230
05-01-1900,6,2015,serie_2,925
05-01-1900,6,2015,serie_1,3183
06-01-1900,6,2015,serie_2,656
06-01-1900,6,2015,serie_1,2199
07-01-1900,6,2015,serie_1,3071
07-01-1900,6,2015,serie_2,977
08-01-1900,6,2015,serie_1,4451
08-01-1900,6,2015,serie_2,1503
09-01-1900,6,2015,serie_1,4237
09-01-1900,6,2015,serie_2,1456
10-01-1900,6,2015,serie_1,4290
10-01-1900,6,2015,serie_2,1488
11-01-1900,6,2015,serie_2,1390
11-01-1900,6,2015,serie_1,4180
12-01-1900,6,2015,serie_2,1128
12-01-1900,6,2015,serie_1,3464
13-01-1900,6,2015,serie_1,2600
13-01-1900,6,2015,serie_2,851
14-01-1900,6,2015,serie_2,1183
14-01-1900,6,2015,serie_1,3390
15-01-1900,6,2015,serie_2,1602
15-01-1900,6,2015,serie_1,4580
16-01-1900,6,2015,serie_2,1596
16-01-1900,6,2015,serie_1,4251
17-01-1900,6,2015,serie_2,1609
17-01-1900,6,2015,serie_1,4235
18-01-1900,6,2015,serie_2,1591
18-01-1900,6,2015,serie_1,4412
19-01-1900,6,2015,serie_2,1332
19-01-1900,6,2015,serie_1,3772
20-01-1900,6,2015,serie_1,2552
20-01-1900,6,2015,serie_2,877
21-01-1900,6,2015,serie_1,3394
21-01-1900,6,2015,serie_2,1224
22-01-1900,6,2015,serie_2,1732
22-01-1900,6,2015,serie_1,4645
23-01-1900,6,2015,serie_1,4256
23-01-1900,6,2015,serie_2,1522
24-01-1900,6,2015,serie_1,4283
24-01-1900,6,2015,serie_2,1726
25-01-1900,6,2015,serie_2,1505
25-01-1900,6,2015,serie_1,4087
26-01-1900,6,2015,serie_1,3664
26-01-1900,6,2015,serie_2,1159
27-01-1900,6,2015,serie_1,2469
27-01-1900,6,2015,serie_2,785
28-01-1900,6,2015,serie_2,1680
28-01-1900,6,2015,serie_1,4709
29-01-1900,6,2015,serie_1,6794
29-01-1900,6,2015,serie_2,1894
30-01-1900,6,2015,serie_2,1576
30-01-1900,6,2015,serie_1,5148
01-01-1900,7,2015,serie_2,1639
01-01-1900,7,2015,serie_1,5942
02-01-1900,7,2015,serie_2,1478
02-01-1900,7,2015,serie_1,5330
03-01-1900,7,2015,serie_1,4439
03-01-1900,7,2015,serie_2,1171
04-01-1900,7,2015,serie_2,786
04-01-1900,7,2015,serie_1,3096
05-01-1900,7,2015,serie_1,3747
05-01-1900,7,2015,serie_2,1229
06-01-1900,7,2015,serie_2,1642
06-01-1900,7,2015,serie_1,5128
07-01-1900,7,2015,serie_1,4836
07-01-1900,7,2015,serie_2,1586
08-01-1900,7,2015,serie_1,5217
08-01-1900,7,2015,serie_2,1682
09-01-1900,7,2015,serie_1,4859
09-01-1900,7,2015,serie_2,1648
10-01-1900,7,2015,serie_1,3521
10-01-1900,7,2015,serie_2,1170
11-01-1900,7,2015,serie_2,812
11-01-1900,7,2015,serie_1,2434
12-01-1900,7,2015,serie_1,3630
12-01-1900,7,2015,serie_2,1331
13-01-1900,7,2015,serie_1,5328
13-01-1900,7,2015,serie_2,1856
14-01-1900,7,2015,serie_2,1608
14-01-1900,7,2015,serie_1,4592
15-01-1900,7,2015,serie_1,4676
15-01-1900,7,2015,serie_2,1571
16-01-1900,7,2015,serie_2,1375
16-01-1900,7,2015,serie_1,4236
17-01-1900,7,2015,serie_1,3499
17-01-1900,7,2015,serie_2,1053
18-01-1900,7,2015,serie_1,2454
18-01-1900,7,2015,serie_2,743
19-01-1900,7,2015,serie_1,3517
19-01-1900,7,2015,serie_2,1204
20-01-1900,7,2015,serie_2,1535
20-01-1900,7,2015,serie_1,4779
21-01-1900,7,2015,serie_2,1180
21-01-1900,7,2015,serie_1,3728
22-01-1900,7,2015,serie_1,4256
22-01-1900,7,2015,serie_2,1474
23-01-1900,7,2015,serie_1,4309
23-01-1900,7,2015,serie_2,1496
24-01-1900,7,2015,serie_1,3724
24-01-1900,7,2015,serie_2,1302
25-01-1900,7,2015,serie_1,2974
25-01-1900,7,2015,serie_2,1049
26-01-1900,7,2015,serie_1,3765
26-01-1900,7,2015,serie_2,1264
27-01-1900,7,2015,serie_2,1952
27-01-1900,7,2015,serie_1,5752
28-01-1900,7,2015,serie_2,1652
28-01-1900,7,2015,serie_1,5106
29-01-1900,7,2015,serie_1,5419
29-01-1900,7,2015,serie_2,1789
30-01-1900,7,2015,serie_1,5304
30-01-1900,7,2015,serie_2,1772
31-01-1900,7,2015,serie_2,1294
31-01-1900,7,2015,serie_1,4154
01-01-1900,8,2015,serie_2,739
01-01-1900,8,2015,serie_1,2453
02-01-1900,8,2015,serie_1,3020
02-01-1900,8,2015,serie_2,1047
03-01-1900,8,2015,serie_2,1480
03-01-1900,8,2015,serie_1,4567
04-01-1900,8,2015,serie_2,1480
04-01-1900,8,2015,serie_1,4479
05-01-1900,8,2015,serie_2,1542
05-01-1900,8,2015,serie_1,4248
06-01-1900,8,2015,serie_2,1475
06-01-1900,8,2015,serie_1,4506
07-01-1900,8,2015,serie_2,1207
07-01-1900,8,2015,serie_1,3790
08-01-1900,8,2015,serie_2,774
08-01-1900,8,2015,serie_1,2488
09-01-1900,8,2015,serie_1,3491
09-01-1900,8,2015,serie_2,1112
10-01-1900,8,2015,serie_1,5396
10-01-1900,8,2015,serie_2,1632
11-01-1900,8,2015,serie_1,4717
11-01-1900,8,2015,serie_2,1416
12-01-1900,8,2015,serie_1,4736
12-01-1900,8,2015,serie_2,1453
13-01-1900,8,2015,serie_1,4584
13-01-1900,8,2015,serie_2,1443
14-01-1900,8,2015,serie_2,1100
14-01-1900,8,2015,serie_1,3868
15-01-1900,8,2015,serie_2,910
15-01-1900,8,2015,serie_1,3045
16-01-1900,8,2015,serie_2,1230
16-01-1900,8,2015,serie_1,4219
17-01-1900,8,2015,serie_1,5954
17-01-1900,8,2015,serie_2,1833
18-01-1900,8,2015,serie_2,1582
18-01-1900,8,2015,serie_1,4947
19-01-1900,8,2015,serie_1,4603
19-01-1900,8,2015,serie_2,1511
20-01-1900,8,2015,serie_2,1577
20-01-1900,8,2015,serie_1,4907
21-01-1900,8,2015,serie_2,1224
21-01-1900,8,2015,serie_1,4020
22-01-1900,8,2015,serie_2,774
22-01-1900,8,2015,serie_1,2618
23-01-1900,8,2015,serie_1,3914
23-01-1900,8,2015,serie_2,1206
24-01-1900,8,2015,serie_1,6273
24-01-1900,8,2015,serie_2,2020
25-01-1900,8,2015,serie_1,5906
25-01-1900,8,2015,serie_2,1814
26-01-1900,8,2015,serie_1,5906
26-01-1900,8,2015,serie_2,1840
27-01-1900,8,2015,serie_1,6148
27-01-1900,8,2015,serie_2,1829
28-01-1900,8,2015,serie_1,4689
28-01-1900,8,2015,serie_2,1371
29-01-1900,8,2015,serie_2,886
29-01-1900,8,2015,serie_1,2996
30-01-1900,8,2015,serie_1,4059
30-01-1900,8,2015,serie_2,1285
31-01-1900,8,2015,serie_2,1897
31-01-1900,8,2015,serie_1,6136
01-01-1900,9,2015,serie_1,5494
01-01-1900,9,2015,serie_2,1746
02-01-1900,9,2015,serie_1,5579
02-01-1900,9,2015,serie_2,1740
03-01-1900,9,2015,serie_1,5634
03-01-1900,9,2015,serie_2,1698
04-01-1900,9,2015,serie_1,4611
04-01-1900,9,2015,serie_2,1338
05-01-1900,9,2015,serie_1,3398
05-01-1900,9,2015,serie_2,971
06-01-1900,9,2015,serie_2,1272
06-01-1900,9,2015,serie_1,4310
07-01-1900,9,2015,serie_1,5676
07-01-1900,9,2015,serie_2,1743
08-01-1900,9,2015,serie_2,1411
08-01-1900,9,2015,serie_1,4906
09-01-1900,9,2015,serie_2,1561
09-01-1900,9,2015,serie_1,4857
10-01-1900,9,2015,serie_1,5058
10-01-1900,9,2015,serie_2,1499
11-01-1900,9,2015,serie_1,3894
11-01-1900,9,2015,serie_2,1175
12-01-1900,9,2015,serie_1,2870
12-01-1900,9,2015,serie_2,876
13-01-1900,9,2015,serie_2,1221
13-01-1900,9,2015,serie_1,3952
14-01-1900,9,2015,serie_2,1689
14-01-1900,9,2015,serie_1,5488
15-01-1900,9,2015,serie_1,4921
15-01-1900,9,2015,serie_2,1496
16-01-1900,9,2015,serie_2,1605
16-01-1900,9,2015,serie_1,5138
17-01-1900,9,2015,serie_1,5262
17-01-1900,9,2015,serie_2,1513
18-01-1900,9,2015,serie_2,1190
18-01-1900,9,2015,serie_1,4359
19-01-1900,9,2015,serie_2,829
19-01-1900,9,2015,serie_1,2872
20-01-1900,9,2015,serie_2,1155
20-01-1900,9,2015,serie_1,3881
21-01-1900,9,2015,serie_1,5328
21-01-1900,9,2015,serie_2,1571
22-01-1900,9,2015,serie_2,1437
22-01-1900,9,2015,serie_1,5069
23-01-1900,9,2015,serie_2,1838
23-01-1900,9,2015,serie_1,5249
24-01-1900,9,2015,serie_1,5459
24-01-1900,9,2015,serie_2,1546
25-01-1900,9,2015,serie_2,1288
25-01-1900,9,2015,serie_1,4697
26-01-1900,9,2015,serie_2,874
26-01-1900,9,2015,serie_1,3070
27-01-1900,9,2015,serie_2,1173
27-01-1900,9,2015,serie_1,4239
28-01-1900,9,2015,serie_1,5551
28-01-1900,9,2015,serie_2,1602
29-01-1900,9,2015,serie_1,5463
29-01-1900,9,2015,serie_2,1542
30-01-1900,9,2015,serie_1,5315
30-01-1900,9,2015,serie_2,1516
01-01-1900,10,2015,serie_2,1532
01-01-1900,10,2015,serie_1,5149
02-01-1900,10,2015,serie_2,1176
02-01-1900,10,2015,serie_1,4603
03-01-1900,10,2015,serie_1,2946
03-01-1900,10,2015,serie_2,832
04-01-1900,10,2015,serie_1,4128
04-01-1900,10,2015,serie_2,1143
05-01-1900,10,2015,serie_1,5669
05-01-1900,10,2015,serie_2,1684
06-01-1900,10,2015,serie_2,1563
06-01-1900,10,2015,serie_1,5288
07-01-1900,10,2015,serie_1,5419
07-01-1900,10,2015,serie_2,1564
08-01-1900,10,2015,serie_1,5345
08-01-1900,10,2015,serie_2,1608
09-01-1900,10,2015,serie_1,4420
09-01-1900,10,2015,serie_2,1367
10-01-1900,10,2015,serie_2,843
10-01-1900,10,2015,serie_1,2874
11-01-1900,10,2015,serie_2,1239
11-01-1900,10,2015,serie_1,4057
12-01-1900,10,2015,serie_1,5318
12-01-1900,10,2015,serie_2,1621
13-01-1900,10,2015,serie_1,4947
13-01-1900,10,2015,serie_2,1448
14-01-1900,10,2015,serie_1,4899
14-01-1900,10,2015,serie_2,1459
15-01-1900,10,2015,serie_1,5067
15-01-1900,10,2015,serie_2,1458
16-01-1900,10,2015,serie_2,1204
16-01-1900,10,2015,serie_1,4210
17-01-1900,10,2015,serie_1,2979
17-01-1900,10,2015,serie_2,832
18-01-1900,10,2015,serie_2,1129
18-01-1900,10,2015,serie_1,4063
19-01-1900,10,2015,serie_1,5112
19-01-1900,10,2015,serie_2,1491
20-01-1900,10,2015,serie_1,4894
20-01-1900,10,2015,serie_2,1436
21-01-1900,10,2015,serie_1,5091
21-01-1900,10,2015,serie_2,1399
22-01-1900,10,2015,serie_1,5112
22-01-1900,10,2015,serie_2,1492
23-01-1900,10,2015,serie_1,4401
23-01-1900,10,2015,serie_2,1206
24-01-1900,10,2015,serie_2,802
24-01-1900,10,2015,serie_1,2921
25-01-1900,10,2015,serie_1,4168
25-01-1900,10,2015,serie_2,1199
26-01-1900,10,2015,serie_1,5194
26-01-1900,10,2015,serie_2,1565
27-01-1900,10,2015,serie_2,1526
27-01-1900,10,2015,serie_1,5226
28-01-1900,10,2015,serie_2,1576
28-01-1900,10,2015,serie_1,5142
29-01-1900,10,2015,serie_2,1629
29-01-1900,10,2015,serie_1,5355
30-01-1900,10,2015,serie_1,4639
30-01-1900,10,2015,serie_2,1331
31-01-1900,10,2015,serie_2,811
31-01-1900,10,2015,serie_1,2880
01-01-1900,11,2015,serie_1,4068
01-01-1900,11,2015,serie_2,1119
02-01-1900,11,2015,serie_1,5787
02-01-1900,11,2015,serie_2,1635
03-01-1900,11,2015,serie_2,1475
03-01-1900,11,2015,serie_1,5269
04-01-1900,11,2015,serie_2,1547
04-01-1900,11,2015,serie_1,5145
05-01-1900,11,2015,serie_1,5730
05-01-1900,11,2015,serie_2,1843
06-01-1900,11,2015,serie_2,1431
06-01-1900,11,2015,serie_1,4843
07-01-1900,11,2015,serie_1,3386
07-01-1900,11,2015,serie_2,994
08-01-1900,11,2015,serie_2,1277
08-01-1900,11,2015,serie_1,4681
09-01-1900,11,2015,serie_2,1936
09-01-1900,11,2015,serie_1,5928
10-01-1900,11,2015,serie_1,4700
10-01-1900,11,2015,serie_2,1408
11-01-1900,11,2015,serie_2,1450
11-01-1900,11,2015,serie_1,5111
12-01-1900,11,2015,serie_1,5669
12-01-1900,11,2015,serie_2,1598
13-01-1900,11,2015,serie_1,5054
13-01-1900,11,2015,serie_2,1302
14-01-1900,11,2015,serie_1,3280
14-01-1900,11,2015,serie_2,850
15-01-1900,11,2015,serie_2,1225
15-01-1900,11,2015,serie_1,4891
